stem,n_objects,mean_gray,contrast_std,lap_var,mean_H_circ
plasmodium-phone-1152,0,128.708,9.9,10.372,-8.594
plasmodium-phone-0540,0,142.102,14.325,8.784,-1.978
plasmodium-phone-1146,0,144.963,4.921,10.505,10.746
plasmodium-phone-0715,0,147.571,13.997,12.478,10.414
plasmodium-phone-0868,0,148.948,4.17,9.205,8.159
plasmodium-phone-1060,0,150.698,4.467,9.31,10.415
plasmodium-phone-0734,0,153.084,4.642,9.132,9.936
plasmodium-phone-0876,0,155.094,4.936,7.784,7.512
plasmodium-phone-1151,0,158.36,4.669,7.871,8.065
plasmodium-phone-0475,0,166.038,7.429,7.076,8.959
plasmodium-phone-0067,14,120.592,25.662,13.765,-5.427
plasmodium-phone-0623,13,132.465,10.249,12.237,0.366
plasmodium-phone-0823,10,134.807,18.584,11.766,5.726
plasmodium-phone-0480,11,136.577,28.73,11.923,3.389
plasmodium-phone-0332,5,137.831,23.285,11.115,2.26
plasmodium-phone-0565,8,139.125,16.251,12.566,3.393
plasmodium-phone-0584,5,139.89,21.893,11.879,0.936
plasmodium-phone-0556,2,140.701,22.44,10.426,2.654
plasmodium-phone-0923,8,141.671,32.549,13.868,9.929
plasmodium-phone-0282,8,142.455,10.619,9.962,-0.498
plasmodium-phone-0164,17,143.335,17.41,10.232,4.674
plasmodium-phone-0838,3,143.913,14.494,11.057,9.632
plasmodium-phone-0493,8,144.708,21.545,10.62,7.729
plasmodium-phone-0394,16,145.624,22.22,10.732,1.35
plasmodium-phone-0144,3,146.249,5.611,9.314,5.795
plasmodium-phone-0433,16,147.075,9.879,8.871,2.361
plasmodium-phone-0044,17,147.706,11.563,10.668,7.825
plasmodium-phone-1159,8,148.198,11.016,9.329,3.98
plasmodium-phone-0043,13,148.896,12.448,8.525,-0.105
plasmodium-phone-0210,8,149.724,6.458,8.041,2.81
plasmodium-phone-1100,3,150.34,7.179,10.092,11.028
plasmodium-phone-0648,11,150.891,17.542,10.218,1.155
plasmodium-phone-0063,17,151.734,13.369,8.543,4.614
plasmodium-phone-0593,3,152.517,19.549,9.118,9.006
plasmodium-phone-0963,10,153.31,20.06,9.587,3.538
plasmodium-phone-0548,11,154.252,14.474,9.437,4.445
plasmodium-phone-1176,3,155.227,7.478,7.303,6.653
plasmodium-phone-0007,3,156.811,10.255,8.352,8.864
plasmodium-phone-0965,1,159.083,5.084,7.736,9.156
plasmodium-phone-0590,2,169.702,21.122,7.585,9.852
